event_feature,rate_pct
access_count,0.4806740331660798
departure_count,0.48071993989279255
active_count,11.326245334728897
load_jump_flag,0.09314474849999771
